date,avg_temp_f,min_temp_f,max_temp_f,precipitation_in
,44.2,36.6,51.8,7.46
,45.0,39.3,50.8,20.24
,47.5,41.4,53.6,10.72
,50.8,42.2,59.3,8.76
,61.7,51.4,72.1,2.11
,64.9,53.7,76.0,2.49
,62.6,51.3,73.9,0.06
,58.6,47.8,69.4,1.36
,52.3,41.8,62.8,2.58
,49.3,38.6,60.0,3.70
,45.4,38.8,52.1,9.32
,39.9,33.8,46.0,11.97
,39.8,32.0,47.5,4.90
,44.2,38.1,50.1,15.91
,44.3,38.3,50.3,14.40
,52.5,42.9,62.2,6.25
,60.7,50.8,70.5,1.34
,63.0,52.4,73.5,1.06
,64.6,53.0,76.3,0.49
,56.7,46.4,67.0,4.18
,51.7,41.9,61.4,4.30
,47.4,38.0,56.8,5.54
,44.6,36.6,52.6,8.68
,42.8,36.5,49.0,10.73
,41.2,36.1,46.4,17.13
,44.9,39.3,50.5,18.25
,44.7,37.6,51.9,12.03
,53.6,44.9,62.3,5.34
,58.5,48.0,68.9,3.83
,65.8,55.2,76.4,1.05
,63.3,51.8,74.8,0.38
,57.4,46.9,68.0,0.65
,56.1,46.1,66.1,1.29
,45.9,37.9,53.9,9.49
,40.8,33.0,48.7,8.09
,39.2,32.3,46.0,6.69
,41.8,36.3,47.4,8.35
,39.2,33.8,44.6,13.76
,41.2,33.2,49.1,14.39
,56.6,46.4,66.9,5.32
,61.8,50.7,72.8,0.92
,65.5,54.6,76.5,0.11
,63.8,53.6,74.0,0.23
,57.2,48.3,66.1,4.44
,49.5,41.3,57.7,7.57
,44.1,35.8,52.4,9.80
,44.6,37.0,52.0,6.41
,42.1,35.2,49.0,6.83
,42.4,35.3,49.4,15.31
,38.6,33.6,43.6,14.18
,46.7,41.0,52.4,16.20
,50.4,42.8,58.0,9.69
,58.8,47.8,69.8,5.71
,62.8,52.2,73.4,0.44
,62.9,52.1,73.7,0.11
,60.9,50.2,71.6,2.82
,52.9,43.3,62.4,1.99
,48.5,37.2,59.8,1.61
,41.8,33.3,50.3,5.81
,40.1,35.2,44.9,13.49
,42.3,36.5,48.2,17.43
,42.6,36.6,48.6,12.08
,43.9,37.0,50.8,13.61
,52.3,44.0,60.6,6.45
,62.5,52.9,72.1,5.14
,62.4,51.3,73.5,0.78
,61.0,50.8,71.2,0.58
,56.9,48.1,65.7,3.79
,54.4,45.0,63.8,4.30
,47.9,37.8,57.9,3.03
,41.5,33.4,49.7,6.10
,40.7,33.7,47.7,9.54
,43.1,38.8,47.5,24.58
,42.2,37.4,46.9,12.81
,44.4,36.4,52.5,3.30
,48.2,38.8,57.6,6.53
,59.2,51.2,67.3,5.85
,63.7,53.6,73.9,1.07
,62.1,52.8,71.4,1.39
,57.4,47.7,67.2,1.38
,53.9,45.0,62.9,2.35
,48.2,40.4,55.9,6.42
,43.3,32.4,54.2,2.88
,35.8,30.0,41.6,9.80
,42.7,35.9,49.4,7.39
,41.7,36.0,47.4,13.32
,45.5,38.0,52.9,8.46
,52.3,43.0,61.6,7.45
,57.8,47.1,68.5,3.83
,63.3,52.8,73.8,0.59
,63.5,52.2,74.9,0.13
,57.4,48.1,66.7,1.41
,55.4,45.7,65.2,0.44
,47.9,39.8,56.0,11.87
,42.7,34.6,50.7,6.67
,39.4,33.8,45.1,7.89
,44.4,39.4,49.4,14.57
,40.3,33.7,46.8,11.12
,44.8,39.4,50.1,18.90
,50.9,40.9,60.8,10.89
,60.4,49.6,71.2,3.55
,64.1,52.2,76.0,0.32
,60.8,49.6,72.2,0.10
,57.6,48.3,66.9,3.11
,53.1,43.9,62.3,5.27
,46.8,39.1,54.5,9.81
,44.1,38.1,50.1,18.40
,40.4,33.9,46.8,15.98
,36.4,30.1,42.8,6.64
,36.6,31.0,42.1,13.16
,49.2,43.4,55.0,19.08
,52.3,45.6,58.9,20.16
,58.5,48.2,68.8,2.42
,63.8,53.0,74.5,0.54
,61.6,52.8,70.4,1.27
,57.8,48.0,67.6,2.53
,54.9,45.3,64.5,1.25
,52.3,42.4,62.2,2.90
,46.4,38.9,53.7,14.27
,46.5,39.8,53.2,12.09
,42.6,37.3,47.8,15.09
,41.3,36.9,45.7,28.00
,43.2,35.7,50.6,18.47
,55.9,47.5,64.4,7.69
,57.8,47.8,67.8,2.12
,64.1,52.7,75.5,1.66
,64.8,53.7,76.0,0.41
,60.6,48.8,72.4,0.95
,53.6,45.3,61.9,1.93
,47.4,37.4,57.4,4.40
,48.4,39.2,57.6,8.52
,47.6,40.6,54.7,8.76
,44.6,37.8,51.4,10.79
,43.8,38.3,49.4,13.77
,44.7,37.4,51.9,9.81
,56.4,48.6,64.1,11.72
,62.3,51.2,73.4,4.40
,63.9,54.0,73.8,0.95
,63.0,52.6,73.4,1.08
,57.0,48.1,65.8,2.55
,55.0,45.5,64.6,5.78
,48.1,39.2,57.0,9.40
,45.7,38.0,53.5,16.18
,38.9,32.6,45.2,10.64
,42.6,35.8,49.4,8.56
,36.3,30.1,42.5,6.89
,44.7,38.0,51.4,7.69
,49.7,39.8,59.7,2.60
,60.1,51.8,68.4,11.80
,62.3,53.1,71.6,1.60
,61.5,51.4,71.5,0.04
,57.7,48.5,66.9,2.68
,53.0,44.0,62.0,7.09
,46.9,38.8,55.0,7.35
,43.9,36.7,51.1,6.17
,41.7,36.3,47.1,7.47
,37.8,31.8,43.7,10.30
,40.2,35.6,44.8,20.29
,45.7,39.8,51.6,14.73
,51.0,42.2,59.8,16.18
,59.1,47.2,71.1,0.13
,61.7,51.2,72.2,0.10
,60.0,51.0,68.9,0.59
,54.4,46.1,62.6,4.50
,50.6,41.1,60.1,5.29
,47.6,39.4,55.8,8.40
,41.1,34.3,48.0,19.51
,41.2,35.0,47.4,8.69
,40.3,33.8,46.7,13.97
,38.5,31.6,45.4,6.11
,42.2,35.2,49.2,13.43
,51.5,44.4,58.6,5.10
,60.7,50.1,71.2,2.62
,61.2,51.1,71.3,0.13
,59.2,49.8,68.6,2.20
,55.4,47.4,63.3,1.84
,48.4,39.3,57.4,4.49
,42.7,34.8,50.6,10.08
,42.4,36.1,48.6,14.64
,37.9,31.3,44.4,9.67
,40.4,35.1,45.7,14.10
,41.3,36.4,46.2,16.84
,42.2,36.5,47.8,13.96
,51.5,42.8,60.3,9.57
,59.0,50.7,67.3,6.14
,60.5,50.4,70.5,0.58
,59.4,49.5,69.3,0.67
,53.5,45.2,61.8,5.04
,49.1,40.5,57.7,6.23
,45.9,38.1,53.7,9.26
,44.9,36.5,53.3,8.77
,44.9,37.5,52.3,7.93
,44.9,39.7,50.0,14.43
,36.4,29.2,43.6,7.25
,44.6,38.6,50.6,19.28
,50.6,42.5,58.7,9.16
,59.6,48.2,71.0,2.97
,61.8,51.7,71.9,1.15
,62.8,51.8,73.8,0.56
,57.5,48.1,66.9,0.78
,51.9,41.0,62.8,6.45
,46.0,36.2,55.6,5.42
,40.6,33.5,47.7,9.41
,40.0,31.6,48.3,3.71
,40.0,33.0,46.9,13.84
,36.9,31.4,42.4,13.18
,47.2,40.9,53.5,13.84
,50.3,41.3,59.3,4.70
,58.8,47.4,70.2,0.73
,61.2,52.1,70.3,3.24
,60.0,49.3,70.6,0.63
,53.8,45.1,62.6,3.17
,52.0,44.0,60.0,2.26
,43.0,34.5,51.4,5.98
,41.0,33.6,48.4,10.85
,41.7,34.6,48.8,7.70
,37.0,31.4,42.7,12.41
,39.1,33.9,44.2,17.77
,43.0,35.6,50.3,6.97
,49.3,40.8,57.8,8.02
,57.1,47.1,67.0,1.79
,61.0,51.0,71.0,1.16
,62.2,52.4,72.0,2.38
,55.0,45.6,64.4,2.89
,51.9,41.4,62.4,2.36
,46.3,37.6,55.1,4.14
,45.1,38.0,52.2,10.57
,42.0,36.0,48.1,13.27
,37.6,31.0,44.2,10.24
,40.4,34.4,46.5,13.29
,43.5,37.8,49.2,30.98
,50.2,40.3,60.1,3.33
,59.0,47.1,70.9,2.07
,60.4,49.7,71.1,0.33
,61.7,51.0,72.4,0.89
,57.9,48.5,67.4,2.90
,52.9,42.5,63.3,3.56
,47.5,38.0,57.0,4.11
,42.2,34.6,49.7,7.78
,40.2,32.5,48.0,5.87
,43.2,38.3,48.1,27.30
,40.7,35.0,46.4,15.55
,42.2,35.2,49.2,12.02
,51.4,44.5,58.3,9.37
,56.2,44.8,67.6,2.26
,62.6,51.8,73.4,0.53
,61.5,51.1,71.9,1.92
,56.2,47.9,64.5,2.96
,54.8,46.5,63.1,6.20
,47.6,39.9,55.4,8.45
,46.6,37.3,55.9,10.25
,42.7,32.8,52.5,2.61
,42.0,36.3,47.8,7.63
,42.0,36.4,47.6,9.19
,43.4,36.3,50.5,6.64
,52.2,44.2,60.2,9.37
,57.8,48.8,66.8,5.50
,64.0,54.8,73.2,5.07
,63.3,53.2,73.4,0.15
,58.2,48.9,67.5,2.61
,53.5,45.0,62.0,4.35
,49.6,38.0,61.2,3.77
,46.1,37.5,54.6,6.72
,43.4,36.6,50.1,7.65
,40.3,35.7,44.8,15.56
,41.5,36.5,46.6,12.65
,42.1,35.3,48.9,11.94
,54.1,46.7,61.5,8.98
,59.8,48.6,71.0,2.61
,61.6,50.4,72.8,0.35
,62.2,50.7,73.6,0.26
,58.0,47.5,68.5,0.93
,51.3,41.1,61.4,2.66
,46.2,38.4,54.0,7.80
,45.0,38.8,51.2,16.60
,41.8,33.9,49.7,6.31
,45.5,39.5,51.4,16.50
,42.5,37.0,48.0,15.94
,46.6,38.7,54.5,7.26
,50.5,40.7,60.3,1.24
,58.6,47.0,70.1,1.45
,60.4,49.8,71.0,0.29
,61.5,51.3,71.8,0.18
,56.9,47.6,66.2,3.06
,49.6,40.6,58.5,2.74
,46.5,37.9,55.2,7.30
,41.2,33.9,48.4,9.99
,41.5,34.2,48.8,7.46
,40.2,35.4,45.0,19.16
,40.8,35.6,46.0,17.48
,45.7,39.6,51.8,16.83
,50.6,42.0,59.2,6.57
,58.1,48.1,68.1,1.33
,61.2,51.6,70.8,3.44
,58.6,49.4,67.8,1.25
,54.1,44.4,63.7,3.58
,51.6,41.0,62.3,4.28
,45.0,36.7,53.2,6.32
,44.0,35.8,52.2,6.79
,40.3,31.5,49.1,4.09
,41.4,34.6,48.1,5.94
,41.1,35.0,47.2,6.99
,41.3,33.8,48.8,5.21
,51.5,43.0,59.9,6.25
,58.5,48.3,68.6,2.85
,59.9,49.8,70.0,0.70
,59.9,50.2,69.7,0.53
,56.8,46.8,66.8,5.44
,51.4,42.8,59.9,5.46
,48.5,38.9,58.1,4.51
,42.2,34.4,50.1,7.36
,42.4,35.6,49.1,7.91
,38.9,33.4,44.4,13.34
,42.7,36.9,48.5,17.97
,47.0,41.1,53.0,21.27
,51.1,41.0,61.1,5.45
,57.7,45.2,70.3,0.49
,61.3,52.4,70.2,1.30
,58.9,49.3,68.5,0.91
,54.6,46.7,62.5,3.81
,48.7,39.8,57.6,6.28
,45.0,35.0,55.0,3.21
,42.2,34.4,49.9,11.11
,41.0,35.7,46.2,23.72
,40.9,35.6,46.2,17.68
,38.7,33.4,43.9,25.16
,45.4,40.5,50.4,23.13
,51.6,42.6,60.7,6.81
,59.3,48.0,70.7,1.13
,61.8,50.8,72.8,0.13
,62.4,53.6,71.1,0.46
,56.2,48.6,63.8,1.91
,51.1,44.0,58.1,4.90
,46.5,36.7,56.3,3.14
,45.0,37.4,52.6,11.79
,43.9,37.8,50.0,11.96
,42.4,37.4,47.3,18.63
,40.8,34.5,47.0,10.68
,47.5,40.4,54.6,10.09
,50.8,43.6,58.0,14.27
,61.3,51.5,71.2,8.89
,64.1,53.4,74.8,2.44
,61.1,50.9,71.4,1.72
,56.5,47.5,65.6,4.93
,55.6,45.2,66.0,4.63
,46.9,38.1,55.7,7.73
,43.4,36.4,50.4,18.92
,41.8,34.7,48.9,6.38
,41.1,35.8,46.4,15.39
,40.4,34.8,45.9,26.05
,43.6,37.2,49.9,14.98
,50.2,41.7,58.6,12.37
,56.3,46.5,66.1,3.80
,60.8,49.7,72.0,0.87
,62.0,50.3,73.7,1.87
,55.4,45.7,65.1,1.97
,49.8,41.8,57.9,5.36
,48.9,41.3,56.5,13.71
,44.8,36.4,53.2,4.15
,41.1,33.2,49.0,20.57
,40.4,35.6,45.2,13.87
,42.1,37.0,47.2,15.69
,47.8,41.5,54.2,23.60
,51.3,43.0,59.5,9.88
,62.0,52.8,71.3,4.06
,59.6,49.0,70.3,2.28
,62.3,52.5,72.0,1.07
,55.8,47.1,64.5,2.91
,53.0,44.2,61.9,2.25
,46.6,37.6,55.6,7.07
,43.8,34.2,53.5,10.80
,44.3,37.0,51.6,9.68
,43.5,38.2,48.8,13.07
,40.0,34.9,45.0,20.91
,39.7,33.6,45.9,17.64
,49.3,39.7,58.9,12.37
,60.6,50.1,71.1,2.67
,62.0,51.1,72.8,1.45
,60.6,50.6,70.5,0.63
,55.4,46.0,64.7,3.58
,52.8,42.8,62.8,2.54
,48.4,40.8,56.1,5.34
,46.1,36.9,55.3,7.37
,39.4,33.1,45.7,12.86
,43.2,37.2,49.2,10.33
,40.3,34.2,46.4,13.53
,39.6,31.2,48.2,5.51
,53.1,44.3,62.0,2.77
,58.0,46.8,69.2,0.16
,61.6,51.4,71.9,0.80
,59.1,51.7,66.6,2.49
,56.6,48.0,65.1,4.36
,55.6,46.2,65.0,6.07
,47.6,40.4,54.8,11.52
,45.4,37.4,53.3,9.42
,39.2,30.2,48.2,1.59
,35.9,29.8,42.1,7.95
,38.1,33.1,43.1,10.65
,44.3,38.1,50.4,12.29
,51.9,43.1,60.8,4.81
,57.0,46.5,67.5,4.04
,62.2,50.4,73.9,0.95
,62.1,52.1,72.0,0.52
,58.6,48.7,68.5,1.04
,54.9,42.6,67.2,0.75
,49.8,41.1,58.5,10.46
,47.9,37.7,58.2,1.83
,46.5,38.4,54.6,7.79
,42.8,37.4,48.1,14.57
,41.8,37.0,46.5,10.97
,45.1,39.5,50.8,14.63
,50.9,39.7,62.1,3.03
,61.0,48.3,73.8,0.10
,61.2,52.0,70.3,2.49
,60.6,49.8,71.5,0.52
,53.7,45.8,61.6,2.57
,50.2,42.9,57.5,4.14
,45.7,37.6,53.7,12.48
,41.3,33.5,49.2,8.65
,46.4,38.6,54.2,11.00
,38.6,32.1,45.0,10.50
,33.4,27.8,39.0,8.50
,44.8,39.1,50.6,15.26
,49.6,41.3,57.8,11.78
,61.4,51.2,71.6,0.54
,63.1,52.8,73.4,1.95
,62.8,51.7,73.8,0.77
,56.5,47.9,65.0,4.16
,51.4,42.6,60.1,4.54
,49.1,40.8,57.4,6.16
,45.3,36.6,53.9,6.78
,39.4,32.9,46.0,17.62
,41.5,36.3,46.6,22.59
,41.4,35.0,47.7,9.25
,45.8,39.6,51.9,10.82
,51.1,42.3,59.8,5.84
,60.5,46.4,74.6,0.85
,61.1,51.4,70.8,1.82
,59.7,49.8,69.7,2.50
,57.9,48.3,67.6,2.31
,52.0,42.0,61.9,3.78
,50.2,39.3,61.0,3.78
,42.4,36.0,48.8,12.93
,34.1,27.0,41.2,7.28
,39.9,35.1,44.8,12.01
,40.5,34.4,46.5,9.64
,44.8,39.4,50.3,17.74
,54.5,46.9,62.1,3.18
,57.5,45.6,69.3,2.59
,60.3,48.9,71.7,0.84
,60.3,49.0,71.6,1.57
,55.0,44.5,65.5,3.48
,51.3,41.8,60.8,6.29
,47.6,38.8,56.4,6.39
,43.6,34.9,52.3,11.63
,43.4,35.7,51.0,5.33
,39.2,33.3,45.1,10.91
,37.8,31.8,43.8,13.73
,46.8,40.0,53.6,7.06
,53.9,40.9,67.0,0.49
,59.3,47.8,70.7,1.08
,61.4,50.1,72.7,0.47
,59.9,50.4,69.3,1.45
,56.5,45.4,67.7,0.89
,54.2,44.5,64.0,5.19
,49.4,39.2,59.6,4.43
,45.5,36.8,54.1,13.19
,44.1,36.9,51.3,8.49
,40.5,34.4,46.5,11.99
,41.4,35.5,47.3,8.80
,45.2,39.1,51.2,15.67
,53.1,44.2,62.1,6.71
,56.0,46.2,65.8,5.37
,62.6,51.1,74.0,0.22
,58.7,50.0,67.5,2.03
,58.1,47.3,68.9,1.29
,51.8,42.3,61.2,4.41
,45.8,36.6,55.0,5.36
,47.5,38.9,56.0,6.92
,41.8,35.3,48.3,13.24
,43.6,36.8,50.4,13.59
,36.4,28.1,44.6,4.43
,36.1,30.0,42.3,9.57
,49.5,41.0,58.1,11.13
,56.0,45.8,66.1,4.18
,60.3,48.5,72.1,1.65
,62.6,50.3,74.8,0.70
,56.3,45.6,67.0,4.22
,51.4,41.6,61.1,2.16
,47.1,38.6,55.7,5.14
,40.8,31.9,49.6,9.31
,37.9,30.8,45.0,7.08
,37.5,28.6,46.3,0.96
,36.4,31.1,41.8,9.90
,43.3,37.6,48.9,19.28
,48.9,42.2,55.7,10.06
,58.3,47.4,69.3,4.11
,60.3,48.0,72.6,0.62
,59.8,48.0,71.6,0.11
,54.8,46.1,63.6,5.20
,50.0,41.0,59.1,7.93
,45.4,36.9,54.0,7.68
,46.6,38.9,54.3,8.21
,43.6,36.4,50.8,11.53
,41.1,34.9,47.3,10.27
,34.8,29.4,40.1,11.06
,45.5,40.5,50.4,22.95
,49.7,39.3,60.2,2.62
,56.6,45.4,67.8,2.84
,62.1,51.6,72.6,1.53
,60.4,51.7,69.0,5.51
,56.2,47.3,65.1,5.49
,53.7,43.9,63.5,4.10
,47.5,36.2,58.8,4.60
,46.2,38.6,53.7,12.94
,45.1,39.5,50.8,14.12
,42.8,37.4,48.2,18.86
,39.4,33.6,45.1,17.62
,42.0,34.7,49.3,11.67
,52.7,44.2,61.2,11.03
,58.8,48.6,69.0,4.65
,60.9,50.2,71.6,1.23
,59.3,49.7,68.8,1.04
,56.3,47.5,65.1,2.08
,50.4,40.2,60.6,1.03
,43.8,34.2,53.3,10.06
,42.3,34.1,50.5,10.37
,40.0,33.9,46.1,17.23
,36.6,31.4,41.8,17.72
,40.7,34.8,46.7,18.79
,44.8,37.0,52.6,11.47
,49.8,40.1,59.6,11.65
,58.6,47.4,69.8,4.38
,62.6,51.5,73.8,0.49
,59.7,49.8,69.6,1.05
,55.4,46.4,64.4,6.07
,51.1,42.0,60.1,3.85
,46.7,37.9,55.6,9.16
,45.0,35.4,54.5,7.40
,42.5,34.6,50.4,13.00
,43.3,35.8,50.8,3.56
,42.2,37.0,47.4,17.93
,45.4,39.1,51.8,15.60
,52.4,41.1,63.7,3.16
,58.0,47.6,68.4,3.47
,58.4,49.1,67.6,1.13
,60.6,50.4,70.6,0.64
,54.1,45.8,62.4,2.36
,50.9,42.0,59.9,2.00
,48.0,37.7,58.3,5.92
,42.8,36.2,49.4,8.18
,43.0,36.8,49.1,11.74
,35.1,28.5,41.7,10.46
,43.7,38.5,49.0,17.38
,42.9,34.6,51.1,7.76
,53.6,45.4,61.6,10.02
,61.2,50.2,72.1,3.98
,61.4,51.4,71.4,1.39
,61.8,50.8,72.7,1.44
,55.4,44.6,66.3,1.80
,52.7,42.4,62.9,4.39
,47.1,38.7,55.6,5.68
,45.3,36.0,54.6,6.30
,39.2,33.9,44.5,17.22
,32.7,26.7,38.8,4.66
,34.6,28.9,40.4,7.76
,38.7,30.7,46.6,9.90
,53.1,41.8,64.3,1.63
,58.2,49.6,66.8,8.65
,61.2,51.6,70.8,3.45
,61.2,50.8,71.7,1.21
,58.5,48.1,68.9,3.16
,50.8,41.0,60.7,5.97
,46.7,38.2,55.1,7.69
,45.3,36.1,54.5,5.38
,44.0,38.4,49.5,7.57
,41.4,36.8,46.1,10.00
,41.4,36.4,46.3,21.71
,41.7,35.4,48.0,17.07
,50.4,40.7,60.2,5.32
,56.9,47.9,65.9,7.01
,63.1,52.5,73.8,5.03
,58.6,48.1,69.2,0.74
,56.3,46.5,66.1,1.90
,48.8,40.0,57.7,6.77
,47.7,37.7,57.6,1.82
,41.6,34.6,48.5,12.60
,44.0,36.3,51.6,7.32
,37.2,29.6,44.8,2.93
,40.4,34.0,46.8,4.93
,45.3,36.3,54.2,3.07
,51.8,42.0,61.6,3.32
,60.2,50.5,69.9,1.73
,59.6,50.8,68.3,3.04
,59.6,48.8,70.4,2.52
,53.9,44.4,63.4,1.53
,51.2,40.9,61.4,2.92
,45.7,36.4,54.9,4.38
,40.5,32.9,48.1,9.89
,39.8,32.9,46.7,12.31
,40.7,34.5,46.8,16.63
,40.9,35.9,46.0,20.32
,42.5,36.4,48.5,14.57
,50.0,44.1,55.8,14.55
,59.7,47.2,72.1,0.11
,59.2,50.3,68.1,3.62
,60.6,50.2,70.8,0.41
,54.2,45.4,63.1,2.30
,51.0,40.9,61.1,3.73
,42.7,33.2,52.1,4.44
,40.7,32.6,48.8,8.45
,39.5,33.2,45.8,11.19
,39.3,34.4,44.2,20.32
,41.8,36.4,47.2,17.55
,44.7,37.9,51.5,12.63
,50.5,38.8,62.2,2.11
,61.5,47.8,75.2,0.71
,61.1,50.7,71.4,0.47
,58.9,47.9,69.8,4.48
,55.1,44.9,65.3,3.02
,49.2,40.6,57.8,5.35
,46.3,38.2,54.4,7.20
,42.6,35.4,49.8,13.61
,40.0,34.6,45.5,12.59
,36.1,30.3,42.0,17.99
,42.5,37.5,47.5,21.08
,41.1,35.4,46.8,22.07
,50.1,41.9,58.3,7.16
,58.6,47.4,69.8,6.17
,57.9,47.6,68.2,0.73
,59.8,48.6,71.0,0.17
,55.7,46.6,64.7,4.42
,51.8,41.1,62.5,4.14
,47.0,37.5,56.5,3.38
,42.7,35.1,50.3,7.88
,42.7,34.2,51.1,3.26
,37.6,32.0,43.2,9.57
,36.1,31.2,41.0,19.11
,44.4,37.9,50.9,8.51
,49.7,39.2,60.3,2.13
,56.0,45.1,66.9,5.77
,62.0,49.8,74.1,0.46
,61.7,50.0,73.3,1.66
,56.1,46.5,65.8,1.21
,52.7,42.6,62.9,1.58
,43.5,34.8,52.2,9.50
,44.2,37.2,51.3,13.67
,40.3,33.6,46.9,13.94
,36.4,31.3,41.5,19.29
,37.7,33.1,42.4,20.40
,43.6,38.0,49.1,12.89
,49.0,40.0,58.0,7.55
,56.6,45.6,67.6,6.84
,63.1,52.1,74.1,1.36
,59.6,49.3,69.9,1.34
,53.4,44.8,62.0,3.36
,51.0,41.5,60.5,3.17
,45.0,35.4,54.7,5.44
,39.8,32.2,47.4,15.24
,40.5,33.8,47.1,9.98
,38.2,33.8,42.7,22.31
,38.4,33.3,43.5,23.40
,44.4,37.5,51.2,12.82
,49.9,40.5,59.2,7.77
,56.0,44.9,67.0,4.76
,59.8,48.4,71.2,0.20
,59.5,48.2,70.8,0.52
,56.6,45.7,67.5,1.22
,50.6,39.7,61.5,2.29
,43.6,34.9,52.3,9.49
,43.4,33.7,53.1,6.09
,44.9,35.4,54.4,7.55
,39.7,34.2,45.2,20.32
,41.7,36.2,47.2,14.81
,44.6,36.4,52.7,7.51
,49.9,40.5,59.3,6.84
,57.9,48.8,67.0,7.00
,59.1,47.7,70.6,0.70
,59.2,48.7,69.7,0.60
,59.4,51.0,67.7,4.02
,53.2,42.1,64.4,4.15
,45.7,37.0,54.5,5.16
,43.0,32.6,53.3,4.59
,38.2,31.2,45.2,7.74
,32.2,27.2,37.2,17.93
,37.0,32.1,41.8,17.91
,44.8,38.3,51.2,14.72
,49.7,41.2,58.2,10.52
,58.8,48.4,69.1,5.03
,60.2,50.0,70.4,5.78
,61.4,50.2,72.6,0.95
,55.6,45.4,65.7,6.00
,51.6,41.6,61.6,4.54
,44.8,35.3,54.2,5.18
,45.2,37.3,53.2,11.87
,45.9,36.5,55.2,13.01
,39.1,33.2,44.9,13.12
,38.8,34.2,43.4,12.70
,45.4,38.0,52.8,8.11
,52.4,44.3,60.4,14.45
,61.3,48.6,74.1,2.76
,63.8,51.0,76.7,0.18
,60.7,48.5,72.8,0.23
,57.8,48.4,67.3,1.70
,50.9,40.6,61.2,1.52
,42.5,32.3,52.7,5.65
,40.5,33.1,47.9,11.43
,41.4,34.2,48.6,7.82
,41.4,36.8,46.1,21.43
,42.8,38.6,46.9,20.12
,45.1,38.1,52.0,11.36
,50.9,41.6,60.1,7.49
,59.6,48.8,70.5,2.91
,60.2,48.4,72.1,1.00
,59.5,49.5,69.6,1.21
,55.3,44.6,66.0,2.18
,50.0,38.9,61.0,2.47
,47.6,38.3,57.0,3.40
,41.7,33.2,50.2,12.76
,40.4,33.7,47.2,7.66
,39.4,34.0,44.7,14.34
,37.7,32.3,43.2,14.94
,46.4,40.5,52.3,14.94
,53.4,44.0,62.6,5.12
,56.9,45.8,67.9,0.59
,61.9,51.4,72.3,2.29
,60.2,48.9,71.4,0.59
,54.1,44.0,64.2,1.16
,48.7,39.7,57.7,3.46
,46.9,37.7,56.2,5.42
,44.3,32.7,55.9,1.33
,41.0,35.6,46.3,8.39
,38.7,33.0,44.4,21.59
,36.7,31.6,41.7,19.55
,40.9,33.8,48.0,15.39
,52.0,42.0,62.1,3.18
,56.9,46.4,67.5,3.22
,59.4,48.9,69.9,2.84
,59.2,49.1,69.2,2.55
,54.2,44.9,63.5,3.17
,48.4,38.5,58.3,2.59
,43.8,34.9,52.7,4.62
,41.3,34.0,48.6,11.22
,39.8,31.5,48.1,4.94
,40.3,35.1,45.5,25.97
,41.2,35.2,47.1,9.34
,44.3,38.3,50.3,17.11
,52.4,44.5,60.2,11.04
,60.8,50.0,71.7,3.51
,60.7,51.3,70.1,2.74
,59.2,49.5,68.8,2.37
,54.7,45.7,63.6,2.58
,52.1,41.5,62.7,2.99
,45.7,37.3,54.2,7.48
,42.1,33.9,50.4,9.59
,47.2,39.5,54.9,10.39
,34.2,27.3,41.0,5.23
,41.3,34.6,48.1,8.32
,45.3,38.5,52.1,19.54
,51.6,43.1,60.0,9.01
,58.5,48.3,68.7,4.34
,60.5,50.0,70.9,3.46
,58.4,48.4,68.4,0.49
,53.9,43.8,63.9,2.32
,48.6,40.4,56.8,4.04
,46.6,37.5,55.8,8.69
,40.7,32.4,49.1,8.22
,41.5,34.3,48.6,7.03
,37.0,30.2,43.9,7.50
,39.0,33.7,44.3,15.50
,40.4,32.0,48.8,10.65
,49.7,40.7,58.6,10.07
,56.3,45.5,67.1,2.08
,61.9,51.5,72.3,1.63
,61.6,51.3,71.9,0.72
,57.5,46.0,68.9,1.31
,51.3,41.7,60.9,3.61
,45.3,37.3,53.4,6.56
,43.3,36.1,50.5,15.21
,43.6,38.3,49.0,25.86
,43.6,36.8,50.4,13.68
,39.7,33.3,46.2,7.61
,43.4,36.5,50.3,19.36
,51.8,43.7,59.8,9.79
,57.6,46.0,69.3,1.79
,60.0,50.6,69.4,3.36
,58.7,46.5,70.8,0.04
,55.4,45.5,65.3,1.86
,49.6,40.3,58.8,7.50
,47.0,38.3,55.7,8.55
,42.3,34.8,49.8,11.12
,40.8,33.6,47.9,11.90
,36.8,31.5,42.0,11.12
,39.4,32.6,46.1,10.38
,43.2,34.5,51.8,13.01
,51.7,43.3,60.0,8.59
,56.5,47.5,65.4,8.20
,59.3,48.5,70.1,1.12
,60.2,48.8,71.6,1.33
,56.2,47.1,65.2,4.55
,50.9,39.9,61.8,4.37
,47.7,38.6,56.9,6.47
,42.7,35.2,50.2,11.21
,40.3,34.3,46.3,8.61
,40.5,35.4,45.6,18.77
,44.6,39.5,49.6,14.10
,43.0,36.4,49.7,18.94
,53.0,43.1,63.0,7.93
,58.8,47.7,69.8,2.36
,62.4,50.5,74.2,0.54
,63.3,52.5,74.1,0.13
,59.9,50.8,69.0,4.34
,54.4,43.8,64.9,1.76
,46.8,37.0,56.6,9.69
,41.8,32.1,51.5,6.30
,46.6,39.9,53.2,14.61
,42.7,36.8,48.7,15.47
,41.7,35.8,47.6,18.10
,42.5,33.2,51.7,8.36
,51.0,41.6,60.3,6.48
,61.9,49.0,74.8,1.07
,59.9,48.5,71.2,1.86
,59.2,47.6,70.8,1.46
,56.6,46.5,66.6,2.80
,52.9,43.3,62.5,3.47
,46.8,38.0,55.7,5.72
,43.2,35.9,50.4,13.74
,39.8,32.6,47.0,10.10
,32.2,26.0,38.5,6.27
,39.1,33.7,44.6,12.26
,42.1,33.3,50.9,4.07
,48.8,41.4,56.1,13.80
,57.6,47.0,68.2,4.04
,60.4,50.6,70.2,2.70
,60.5,49.6,71.5,0.34
,54.0,45.2,62.7,4.98
,52.5,41.9,63.1,1.73
,47.0,36.9,57.2,1.88
,40.2,33.0,47.3,18.24
,35.2,29.7,40.7,10.64
,38.5,33.2,43.8,22.02
,38.3,32.6,44.0,22.11
,39.5,33.7,45.3,18.53
,50.4,42.7,58.0,16.34
,56.4,45.4,67.5,4.39
,58.4,47.2,69.6,0.22
,57.3,48.6,65.9,3.47
,53.8,45.3,62.3,3.00
,47.9,38.6,57.2,2.00
,41.4,32.6,50.3,10.44
,38.2,31.2,45.1,11.09
,38.5,31.7,45.3,8.74
,37.7,32.3,43.1,7.87
,40.0,34.2,45.8,13.64
,47.1,41.0,53.2,13.39
,50.3,39.8,60.8,5.74
,57.5,47.8,67.1,2.73
,59.0,50.1,67.8,3.10
,56.9,47.0,66.8,1.84
,52.3,43.6,61.1,5.73
,50.8,40.2,61.3,2.42
,44.1,35.3,52.9,7.39
,40.0,29.7,50.3,5.74
,42.0,34.3,49.7,14.33
,36.5,31.0,42.0,24.84
,41.9,36.4,47.5,16.30
,46.4,40.2,52.6,14.74
,52.2,42.7,61.6,6.40
,58.8,48.2,69.4,4.01
,60.8,51.4,70.3,3.28
,59.4,48.5,70.4,0.54
,52.7,44.2,61.3,4.02
,50.2,40.4,60.1,5.40
,45.2,36.5,53.8,5.08
,42.1,34.3,49.9,9.62
,41.1,34.1,48.2,7.09
,44.2,39.1,49.2,32.21
,39.8,34.2,45.4,16.39
,40.8,30.9,50.7,3.46
,54.7,44.1,65.2,2.33
,58.7,46.8,70.6,0.88
,60.0,50.4,69.6,1.55
,59.5,48.5,70.5,0.50
,53.7,44.9,62.6,2.95
,50.5,39.2,61.8,2.31
,45.7,34.6,56.8,3.86
,39.9,32.8,46.9,9.74
,39.2,33.2,45.3,9.08
,35.2,30.2,40.1,15.01
,36.8,31.4,42.2,13.14
,43.7,36.1,51.2,13.86
,50.7,42.4,59.0,13.17
,57.4,46.8,68.1,4.42
,59.3,48.2,70.4,0.64
,59.7,49.4,69.9,0.45
,56.4,46.0,66.7,0.41
,50.9,40.4,61.4,2.54
,47.1,35.2,58.9,2.78
,38.7,30.8,46.5,11.74
,40.6,33.6,47.5,15.49
,37.8,31.9,43.7,19.33
,45.1,40.7,49.5,19.08
,43.5,37.6,49.5,15.47
,48.5,41.2,55.8,17.54
,57.3,46.1,68.5,3.00
,61.6,50.8,72.4,1.99
,59.1,48.2,70.0,1.79
,56.4,46.6,66.1,1.98
,48.8,38.4,59.2,2.22
,44.3,35.2,53.4,8.29
,40.7,34.6,46.8,16.86
,38.9,32.6,45.2,17.72
,28.7,22.7,34.7,18.80
,39.3,33.6,44.9,14.51
,48.4,40.5,56.3,13.69
,46.9,37.2,56.7,6.96
,59.3,48.4,70.2,1.73
,59.6,49.1,70.2,1.02
,57.9,47.0,68.8,1.05
,53.7,43.1,64.3,1.47
,52.7,42.4,63.0,4.05
,47.2,37.9,56.5,2.25
,43.0,35.2,50.9,7.44
,37.6,30.9,44.4,19.59
,28.8,21.5,36.1,2.54
,35.7,29.7,41.7,19.02
,41.0,34.2,47.8,14.16
,49.9,40.9,58.9,6.44
,57.1,46.3,68.0,5.87
,59.1,51.3,66.8,3.04
,58.6,48.2,69.0,1.39
,58.8,48.6,68.9,1.13
,50.4,41.8,59.0,8.38
,43.1,35.6,50.7,8.41
,40.5,32.6,48.3,8.67
,38.0,31.3,44.6,14.30
,38.1,30.8,45.3,10.86
,41.8,35.9,47.6,11.93
,44.0,37.6,50.3,9.64
,51.7,44.4,59.1,16.87
,58.5,47.0,70.0,2.51
,59.0,49.5,68.4,1.04
,59.2,48.8,69.5,2.56
,55.2,46.4,63.9,5.89
,53.6,42.8,64.4,0.62
,49.1,39.2,58.9,4.98
,45.9,36.8,55.0,6.38
,43.6,35.5,51.7,7.46
,35.5,29.5,41.4,12.05
,40.1,34.8,45.5,15.12
,41.1,33.2,49.0,14.86
,47.2,39.0,55.4,10.42
,57.8,47.7,67.9,2.49
,59.8,49.3,70.2,0.67
,60.0,49.4,70.7,1.85
,54.2,45.1,63.3,6.57
,52.7,42.9,62.5,2.07
,44.8,36.2,53.5,6.44
,42.0,34.4,49.6,9.52
,40.1,34.2,46.0,15.50
,39.8,34.0,45.5,15.67
,39.7,34.2,45.1,14.55
,42.2,36.4,47.9,17.72
,50.6,41.7,59.5,4.16
,56.6,46.4,66.8,5.93
,58.8,48.4,69.1,0.40
,59.3,47.2,71.3,0.72
,54.1,43.1,65.1,0.50
,52.2,43.0,61.4,5.62
,44.5,36.6,52.3,7.34
,40.6,33.4,48.0,14.61
,41.6,35.2,48.1,11.17
,40.8,34.0,47.5,12.08
,38.0,30.7,45.4,5.68
,43.1,36.3,49.9,10.32
,53.9,44.7,63.0,5.00
,59.0,48.2,69.8,4.11
,60.2,50.1,70.2,0.76
,59.4,49.2,69.6,0.41
,54.7,44.8,64.5,2.31
,50.7,40.4,61.0,2.61
,46.0,37.0,55.0,7.48
,41.3,32.3,50.3,7.08
,40.3,33.0,47.6,7.28
,39.2,31.7,46.8,9.95
,39.3,32.0,46.5,9.29
,44.6,36.1,53.0,5.68
,51.2,43.5,58.8,10.63
,59.5,47.4,71.6,0.66
,59.3,49.5,69.2,3.52
,59.0,49.2,68.8,1.20
,54.3,45.2,63.4,2.82
,48.8,39.4,58.2,3.74
,48.1,38.8,57.3,6.55
,41.5,32.7,50.3,10.34
,42.8,33.6,52.1,10.29
,34.3,27.0,41.6,8.43
,41.4,36.3,46.4,15.13
,42.8,36.1,49.4,19.96
,52.2,42.6,61.9,8.53
,58.4,47.8,69.1,0.55
,62.6,52.7,72.4,0.76
,62.9,53.3,72.4,1.70
,54.6,45.7,63.5,5.52
,51.2,42.0,60.3,4.31
,47.3,38.5,56.0,5.30
,41.8,32.6,51.0,6.08
,40.3,33.1,47.4,7.95
,37.2,30.2,44.1,8.09
,40.6,35.5,45.7,17.81
,45.2,37.9,52.4,9.48
,51.5,43.8,59.2,5.65
,56.3,47.8,64.8,7.30
,60.7,51.7,69.6,5.05
,63.4,52.1,74.8,0.17
,56.7,46.7,66.7,2.36
,52.3,42.4,62.3,7.48
,48.7,38.4,59.0,3.33
,48.0,36.6,59.4,3.48
,44.7,36.2,53.2,4.30
,41.5,34.9,48.0,12.10
,41.5,35.5,47.5,9.72
,41.2,33.2,49.2,9.05
,53.8,46.2,61.3,10.38
,59.8,50.7,69.0,3.38
,61.7,50.6,72.8,0.84
,60.0,49.7,70.3,1.47
,57.8,45.8,69.8,0.38
,53.9,42.0,65.9,3.37
,48.7,39.2,58.2,7.10
,45.8,37.7,53.9,10.66
,43.6,37.2,50.0,19.08
,40.7,33.3,48.0,7.03
,43.9,38.2,49.6,19.05
,46.0,37.6,54.4,4.95
,51.7,43.2,60.2,7.14
,58.1,46.6,69.6,1.31
,61.2,49.0,73.4,0.77
,59.7,48.4,71.1,1.74
,54.2,45.2,63.2,4.26
,51.5,40.1,62.9,2.77
,47.9,36.8,59.0,1.91
,42.5,34.5,50.6,5.91
,37.6,31.8,43.5,14.02
,40.5,35.6,45.3,14.00
,40.1,34.0,46.2,10.31
,41.9,34.7,49.2,11.51
,51.6,42.5,60.6,7.98
,59.7,49.8,69.6,2.27
,58.0,47.2,68.9,0.50
,59.8,48.2,71.4,0.59
,55.6,45.8,65.5,0.61
,50.6,39.6,61.5,2.28
,47.6,38.1,57.2,6.69
,42.2,34.2,50.1,12.56
,40.5,33.1,47.9,8.96
,40.0,33.4,46.5,9.10
,41.7,35.9,47.5,20.88
,46.3,40.5,52.0,24.81
,53.9,44.1,63.7,5.96
,58.4,48.8,68.0,3.32
,59.8,48.8,70.7,3.78
,59.4,48.7,70.1,0.20
,56.9,46.3,67.6,6.29
,50.9,40.5,61.3,3.12
,44.4,36.7,52.1,12.17
,44.4,36.2,52.5,6.67
,38.2,32.0,44.3,14.74
,28.8,22.7,34.9,7.81
,40.4,35.4,45.4,16.80
,41.7,31.0,52.3,1.03
,52.4,40.9,63.9,1.39
,56.6,43.6,69.5,2.05
,62.3,50.5,74.1,0.64
,60.9,49.5,72.3,1.98
,58.0,48.4,67.6,5.72
,53.8,43.1,64.5,7.21
,48.8,39.4,58.2,1.78
,40.3,32.1,48.4,8.46
,34.6,27.9,41.4,13.81
,40.7,34.6,46.6,20.54
,39.6,32.6,46.5,9.90
,39.2,31.3,47.0,6.41
,48.3,39.4,57.1,4.78
,58.8,47.1,70.5,4.19
,59.8,47.1,72.5,0.72
,59.1,47.9,70.3,0.79
,56.6,45.1,68.0,2.57
,50.5,39.3,61.7,1.11
,45.6,34.3,56.8,4.06
,39.0,31.4,46.6,13.64
,42.6,33.7,51.5,7.01
,37.9,31.8,43.9,16.04
,41.2,35.4,47.1,16.96
,46.3,40.5,52.1,19.36
,52.0,42.6,61.5,14.49
,57.1,47.1,67.1,2.94
,61.3,50.8,71.9,0.82
,59.2,48.6,69.8,1.34
,55.5,44.0,67.0,0.97
,54.2,43.3,65.1,3.76
,51.4,40.4,62.4,3.83
,48.9,39.1,58.7,8.62
,47.1,38.2,56.1,3.19
,43.2,37.5,48.8,17.56
,43.0,37.5,48.4,38.46
,43.4,36.7,50.1,3.86
,52.1,43.0,61.2,8.07
,54.4,45.6,63.2,7.84
,61.1,49.7,72.5,1.19
,58.5,46.5,70.4,0.20
,55.0,44.1,65.8,3.85
,47.6,39.6,55.6,8.68
,45.8,34.9,56.7,2.00
,41.8,34.6,48.9,15.89
,36.8,29.8,43.8,8.95
,37.6,33.0,42.1,20.76
,35.6,28.8,42.4,19.79
,45.3,38.7,51.8,20.37
,51.8,43.5,60.1,6.87
,58.1,45.3,70.9,1.03
,59.8,50.1,69.6,1.98
,56.8,46.0,67.5,1.92
,57.1,45.4,68.8,0.76
,49.3,39.9,58.8,1.78
,46.8,38.3,55.2,7.90
,43.6,37.0,50.2,15.92
,38.5,32.1,44.9,11.13
,37.0,31.9,42.1,13.86
,38.0,33.1,42.9,17.66
,40.5,32.3,48.7,13.94
,50.0,40.8,59.1,9.89
,56.9,47.0,66.8,4.68
,58.9,47.1,70.7,0.22
,60.5,48.3,72.6,0.18
,55.7,45.4,66.0,6.37
,53.6,42.3,65.0,1.73
,48.5,37.6,59.4,6.48
,44.6,35.9,53.3,16.05
,41.6,32.6,50.6,7.20
,42.0,35.7,48.2,12.88
,38.6,31.7,45.4,6.49
,43.0,34.7,51.3,6.00
,48.7,38.7,58.7,4.67
,56.9,47.4,66.3,3.30
,60.7,48.2,73.2,0.17
,57.2,45.7,68.8,0.06
,53.8,43.4,64.1,2.03
,47.8,38.5,57.1,4.75
,49.2,39.4,58.9,4.75
,44.4,33.8,54.9,6.31
,42.2,35.3,49.0,13.90
,26.5,19.2,33.8,5.44
,41.7,35.9,47.6,15.89
,40.6,31.1,50.1,1.32
,52.6,42.0,63.3,2.17
,57.5,43.7,71.4,0.70
,60.2,47.3,73.1,0.77
,58.7,46.0,71.5,0.42
,54.5,45.2,63.7,3.52
,50.1,39.6,60.7,1.96
,43.0,34.5,51.5,7.84
,42.3,34.5,50.1,8.21
,33.0,24.7,41.2,2.72
,33.1,27.1,39.2,6.25
,37.9,31.4,44.4,12.94
,42.8,36.1,49.6,8.56
,49.9,42.6,57.2,5.46
,55.6,45.8,65.3,1.35
,58.6,46.6,70.5,0.06
,60.2,49.9,70.5,1.24
,54.6,46.5,62.7,1.17
,54.3,41.9,66.7,1.46
,45.0,37.3,52.7,10.12
,45.2,37.6,52.8,17.13
,40.7,32.5,48.9,3.07
,38.0,32.0,43.9,10.31
,35.9,30.1,41.7,7.74
,44.8,39.3,50.4,17.53
,50.8,42.9,58.7,8.81
,56.5,48.5,64.5,7.76
,60.6,50.0,71.1,1.52
,59.6,49.6,69.6,0.66
,56.5,47.4,65.6,2.58
,48.3,40.6,55.9,4.69
,45.4,35.7,55.0,4.66
,41.4,33.1,49.6,6.68
,40.7,33.8,47.6,14.46
,37.5,32.0,43.0,14.25
,38.8,33.4,44.3,9.95
,46.1,39.1,53.0,15.95
,53.2,45.3,61.1,9.43
,55.4,45.2,65.6,3.62
,60.2,49.8,70.5,3.81
,61.3,48.6,74.0,0.03
,57.8,46.1,69.6,0.54
,52.0,42.7,61.3,6.65
,53.2,41.0,65.4,1.87
,47.9,37.0,58.8,2.33
,44.9,38.9,50.9,14.37
,40.3,34.3,46.3,8.44
,43.2,37.4,49.0,11.92
,43.1,37.2,49.0,9.17
,50.9,40.8,61.0,0.93
,57.2,47.3,67.0,2.35
,58.3,47.8,68.8,1.36
,61.1,49.1,73.1,0.03
,54.9,44.8,65.0,2.65
,53.7,42.7,64.8,1.90
,47.6,38.6,56.6,4.90
,42.4,33.8,50.9,4.19
,42.9,37.3,48.5,14.90
,41.2,36.3,46.2,15.93
,33.7,27.2,40.2,10.43
,41.6,35.1,48.2,14.09
,49.8,42.4,57.3,13.62
,56.7,45.2,68.2,4.29
,57.9,48.0,67.8,1.55
,58.3,47.1,69.5,0.34
,55.6,44.3,66.9,0.98
,53.3,41.1,65.5,0.87
,45.8,34.9,56.8,2.32
,41.2,32.3,50.2,3.89
,44.1,37.9,50.3,11.04
,37.0,31.2,42.7,8.36
,39.4,33.6,45.2,11.82
,45.9,36.9,55.0,6.31
,51.9,41.8,62.0,4.08
,58.2,46.5,69.9,2.17
,62.1,50.0,74.1,0.56
,59.4,49.3,69.5,2.77
,54.8,44.8,64.8,2.34
,50.2,41.4,59.1,3.57
,47.3,37.2,57.4,4.12
,41.8,32.4,51.2,6.39
,34.6,27.2,42.0,4.97
,39.4,34.6,44.3,21.81
,35.4,30.3,40.4,20.72
,40.2,32.3,48.0,4.43
,51.2,43.9,58.5,8.93
,57.9,47.3,68.5,4.77
,59.0,48.6,69.5,4.01
,59.1,46.7,71.5,0.00
,57.0,45.4,68.7,0.45
,50.4,39.9,60.8,3.74
,42.8,33.8,51.7,6.68
,38.8,31.8,45.8,14.67
,36.8,30.3,43.2,7.65
,33.9,28.1,39.7,7.21
,37.2,31.5,42.8,9.95
,44.7,38.7,50.8,20.98
,52.0,42.8,61.2,9.31
,54.2,43.6,64.8,5.81
,58.9,47.7,70.0,1.00
,56.6,45.1,68.1,0.10
,56.0,47.4,64.6,3.56
,50.1,39.8,60.3,2.81
,44.9,35.7,54.1,6.65
,42.8,35.7,49.8,10.78
,41.6,36.4,46.8,15.63
,39.0,34.1,43.8,20.56
,41.2,37.4,45.1,20.15
,42.9,35.7,50.2,11.30
,49.3,43.0,55.5,12.91
,55.3,47.4,63.1,10.63
,60.7,48.6,72.7,2.58
,58.9,47.9,70.0,2.02
,53.4,42.9,63.8,3.93
,47.0,35.8,58.1,2.56
,43.0,34.7,51.3,8.96
,41.4,33.7,49.1,10.60
,39.4,29.4,49.4,0.89
,38.1,32.0,44.2,9.89
,33.6,27.4,39.9,9.74
,42.2,36.6,47.6,13.18
,47.3,38.5,56.1,3.24
,57.1,46.4,67.9,5.29
,60.0,48.2,71.8,0.28
,59.0,46.2,71.6,0.32
,52.4,41.7,63.0,1.89
,49.6,39.7,59.5,4.53
,47.1,37.9,56.2,8.24
,43.2,35.5,50.9,11.19
,39.5,34.4,44.5,16.96
,39.4,33.8,45.0,20.39
,39.6,34.4,44.9,11.56
,43.2,37.4,49.0,11.46
,51.9,43.8,60.0,9.35
,60.6,47.8,73.5,0.57
,59.3,48.9,69.7,2.09
,59.1,48.3,69.9,1.51
,58.1,45.0,71.2,0.16
,47.5,38.2,56.9,2.72
,46.0,34.4,57.5,3.33
,41.3,34.2,48.3,10.20
,38.3,32.5,44.1,15.47
,42.8,37.9,47.7,12.46
,45.4,40.8,50.0,32.21
,46.7,38.7,54.8,7.61
,51.7,41.3,62.1,0.75
,56.7,48.8,64.6,3.95
,62.2,48.7,75.7,0.12
,59.1,47.3,70.9,0.16
,52.5,42.2,62.7,3.07
,47.8,40.3,55.2,2.91
,43.1,36.4,49.9,11.56
,37.7,31.0,44.5,14.16
,38.2,32.3,44.0,6.00
,36.8,30.8,42.8,6.39
,36.2,31.5,40.9,10.59
,39.5,31.6,47.4,11.34
,48.3,36.2,60.4,3.42
,56.3,45.5,67.2,2.12
,59.3,48.7,69.8,0.34
,55.8,47.6,64.0,4.58
,53.7,43.7,63.8,3.16
,47.7,38.5,56.8,4.46
,46.3,36.5,56.0,6.11
,41.8,34.9,48.8,23.67
,40.5,33.0,48.0,19.02
,28.5,22.4,34.5,11.50
,39.3,33.4,45.3,21.35
,41.6,35.5,47.7,18.96
,51.5,43.0,60.0,7.49
,56.7,45.9,67.5,1.18
,62.3,50.4,74.2,0.10
,59.2,50.4,68.0,2.71
,55.2,45.2,65.2,1.48
,51.2,41.4,60.9,5.51
,49.4,38.2,60.6,5.35
,47.8,37.6,57.9,6.44
,42.0,34.3,49.7,8.19
,37.9,30.9,44.9,10.96
,35.4,27.8,43.0,5.11
,44.2,37.2,51.3,11.96
,53.2,44.7,61.6,10.07
,54.3,45.7,62.8,7.14
,59.5,48.2,70.9,0.15
,59.5,47.7,71.4,0.08
,53.4,44.0,62.8,3.29
,53.9,42.1,65.6,2.83
,48.0,38.1,58.0,6.19
,46.4,37.5,55.2,6.86
,41.3,34.6,48.0,8.46
,42.5,36.9,48.0,27.14
,39.3,33.2,45.5,6.58
,44.2,37.4,51.1,13.11
,48.5,40.0,57.0,6.72
,56.5,46.2,66.8,5.70
,60.2,49.5,70.9,1.25
,59.1,48.7,69.4,1.17
,54.9,46.2,63.5,7.07
,50.0,40.9,59.1,3.32
,44.9,35.6,54.2,5.30
,40.1,31.9,48.4,8.34
,38.0,29.5,46.5,2.52
,35.2,29.9,40.4,15.13
,39.6,34.0,45.2,16.42
,43.6,36.9,50.2,14.33
,47.4,38.3,56.6,7.24
,56.5,45.6,67.4,2.92
,58.7,48.9,68.4,6.11
,59.4,49.7,69.2,1.15
,55.8,45.5,66.2,4.97
,52.9,42.4,63.3,3.43
,44.4,35.3,53.4,5.03
,41.9,31.6,52.2,4.68
,42.7,35.5,49.9,11.12
,40.6,35.2,46.0,18.95
,40.0,34.8,45.2,8.94
,43.5,37.0,50.0,9.80
,50.1,40.5,59.7,3.20
,53.7,44.8,62.5,7.48
,59.0,47.4,70.5,0.83
,60.9,48.7,73.0,0.35
,52.4,43.1,61.6,1.56
,48.0,39.5,56.4,7.86
,43.2,31.9,54.5,5.27
,44.3,33.1,55.5,2.91
,37.9,30.7,45.0,6.61
,36.7,31.9,41.5,14.61
,41.2,35.6,46.8,9.74
,43.4,37.3,49.6,20.58
,51.8,44.3,59.3,9.78
,55.1,45.2,65.0,3.48
,56.4,45.5,67.4,0.34
,59.0,47.7,70.2,0.05
,53.0,43.7,62.4,2.88
,53.1,42.4,63.9,3.64
,47.2,37.4,57.0,6.54
,46.6,37.7,55.5,7.05
,37.0,31.6,42.3,13.75
,35.6,30.8,40.4,14.79
,34.0,28.1,39.9,9.38
,43.3,38.1,48.4,27.59
,50.8,42.8,58.9,6.68
,57.7,46.2,69.2,2.21
,58.2,46.2,70.2,0.34
,56.7,46.5,67.0,3.85
,55.4,44.0,66.8,0.96
,48.8,39.0,58.7,3.57
,45.6,35.6,55.6,2.27
,43.2,34.8,51.6,6.21
,40.8,36.5,45.2,16.74
,31.5,25.2,37.8,17.64
,37.9,33.0,42.7,10.50
,46.3,39.4,53.3,8.81
,48.8,39.9,57.7,8.87
,55.4,42.9,68.0,0.45
,59.5,46.6,72.4,2.63
,61.9,49.8,74.0,0.47
,54.2,43.9,64.4,2.03
,47.3,38.6,55.9,5.75
,46.7,36.2,57.2,6.07
,42.2,34.9,49.5,11.35
,40.4,33.6,47.1,8.92
,40.3,34.8,45.9,10.39
,41.4,35.8,47.1,19.03
,45.3,37.9,52.6,14.56
,53.3,45.2,61.4,2.32
,56.6,46.3,66.9,4.05
,57.4,46.9,67.9,2.65
,59.6,48.2,71.0,1.76
,55.0,44.9,65.1,3.02
,52.6,41.2,64.0,2.17
,46.3,36.4,56.3,7.05
,40.6,33.4,47.7,6.49
,42.5,35.9,49.1,9.17
,32.8,26.9,38.7,14.46
,41.1,36.1,46.0,14.15
,43.2,37.6,48.7,18.82
,51.0,42.9,59.0,8.81
,56.2,45.6,66.7,5.71
,60.3,47.5,73.2,0.13
,64.4,51.3,77.6,0.02
,53.0,44.1,62.0,5.98
,51.0,41.9,60.2,4.52
,49.8,38.1,61.5,3.61
,41.6,32.7,50.4,6.28
,42.3,34.7,49.9,11.54
,40.9,36.2,45.5,12.56
,39.0,34.0,44.1,14.09
,42.1,33.4,50.8,6.52
,47.6,39.6,55.7,9.82
,57.1,48.0,66.2,6.27
,59.3,48.4,70.2,0.81
,60.3,48.9,71.7,0.29
,54.6,46.2,63.0,3.66
,51.3,42.3,60.2,4.67
,48.9,38.2,59.6,2.97
,47.4,39.9,54.9,12.28
,41.6,33.1,50.1,5.37
,38.1,32.5,43.7,8.74
,41.5,35.4,47.6,16.89
,47.9,42.1,53.7,17.61
,52.1,42.7,61.6,4.79
,58.3,45.6,71.0,1.06
,60.2,46.9,73.5,0.20
,60.1,48.6,71.5,1.61
,55.8,44.3,67.3,1.43
,50.6,39.7,61.5,1.02
,49.6,39.0,60.2,5.09
,39.5,34.2,44.9,18.95
,38.2,33.4,42.9,20.94
,39.9,35.2,44.6,12.44
,40.9,35.2,46.6,7.71
,43.5,38.3,48.7,19.83
,51.6,43.0,60.2,5.91
,55.3,45.1,65.4,3.23
,58.4,48.7,68.1,1.35
,56.8,47.7,65.9,1.13
,56.8,48.2,65.3,4.15
,50.5,41.4,59.6,3.89
,43.8,35.4,52.1,6.32
,40.7,31.6,49.9,10.53
,38.2,30.4,46.1,4.93
,41.3,36.5,46.0,16.81
,39.8,35.1,44.4,22.43
,43.3,38.0,48.6,21.90
,52.8,43.9,61.6,4.71
,56.1,44.6,67.5,3.52
,58.9,46.1,71.6,0.55
,57.5,47.1,67.9,3.30
,54.2,44.2,64.3,2.28
,51.3,43.2,59.4,4.81
,45.4,37.5,53.2,7.48
,41.9,35.4,48.3,13.01
,43.6,38.3,48.8,21.46
,38.1,32.0,44.2,7.92
,40.7,35.4,46.0,8.62
,46.4,40.3,52.6,15.42
,55.7,47.1,64.4,3.68
,54.1,44.6,63.6,6.20
,60.5,48.3,72.6,0.68
,55.6,45.1,66.0,0.59
,51.6,44.1,59.1,2.78
,51.6,43.4,59.8,4.38
,44.2,34.5,53.8,10.29
,42.7,34.4,50.9,9.60
,39.9,33.0,46.9,12.81
,38.4,32.3,44.5,15.42
,43.8,38.4,49.2,16.57
,43.6,36.2,50.9,10.97
,48.8,40.7,56.9,12.70
,55.4,45.7,65.1,3.57
,57.5,47.3,67.7,1.59
,59.8,49.3,70.3,0.72
,56.6,47.2,66.1,5.60
,51.5,43.1,59.9,6.73
,47.9,37.2,58.7,4.37
,47.8,39.1,56.5,10.59
,40.3,34.8,45.8,9.79
,41.9,35.7,48.1,11.05
,41.6,36.3,46.8,11.42
,49.4,44.4,54.4,19.98
,48.4,40.8,56.2,10.61
,58.3,46.8,69.8,3.42
,56.1,47.6,64.5,4.48
,59.3,48.1,70.6,0.38
,52.2,43.2,61.2,2.11
,46.5,39.5,53.5,5.93
,44.4,35.6,53.2,11.37
,40.3,32.1,48.4,7.87
,37.3,31.3,43.2,12.73
,39.8,35.2,44.5,16.96
,37.1,31.1,43.0,8.99
,41.8,35.1,48.5,12.78
,49.5,41.0,58.0,5.57
,58.2,47.5,68.9,7.26
,60.8,49.9,71.8,0.99
,59.2,48.0,70.4,1.39
,56.1,46.1,66.1,4.29
,51.2,40.0,62.4,3.84
,46.9,36.6,57.2,5.81
,40.6,31.8,49.3,5.46
,43.2,37.5,48.9,15.95
,37.8,32.7,42.8,7.87
,41.4,36.5,46.4,22.53
,42.2,36.4,48.0,23.18
,50.8,41.7,59.9,5.10
,55.1,45.4,64.8,3.83
,62.9,50.4,75.4,1.05
,57.7,47.8,67.6,1.90
,55.5,46.6,64.4,4.97
,54.7,43.6,65.9,2.17
,49.1,38.3,59.9,4.22
,37.6,31.6,43.5,13.80
,40.6,34.8,46.4,13.34
,38.0,32.8,43.0,7.76
,42.8,37.9,47.8,17.81
,37.0,32.0,42.0,26.40
,51.0,40.2,61.8,6.09
,55.4,43.7,67.1,1.48
,59.8,50.7,68.8,3.15
,62.7,50.0,75.4,0.07
,54.8,44.2,65.3,2.64
,47.8,39.5,56.0,9.00
,42.9,35.2,50.6,11.04
,41.2,32.2,50.2,6.10
,42.7,36.0,49.3,11.14
,39.7,34.1,45.2,18.37
,39.4,34.4,44.3,22.34
,40.6,33.3,47.9,7.97
,51.4,40.4,62.4,0.46
,52.2,43.6,60.8,3.42
,58.1,46.8,69.4,0.35
,58.6,48.0,69.1,1.23
,55.6,45.0,66.2,0.73
,50.3,40.9,59.8,9.41
,46.5,36.3,56.6,8.55
,41.5,31.6,51.3,8.12
,41.3,35.1,47.4,3.37
,35.8,30.8,40.8,19.59
